{
	"class_name" : "PinholeCameraParameters",
	"extrinsic" : 
	[
		0.94038496166944652,
		0.26003418934757017,
		-0.21922213445796435,
		0.0,
		0.31076937192787824,
		-0.91885046315059116,
		0.24317940669287003,
		0.0,
		-0.13819739989415816,
		-0.29680978207986375,
		-0.94488381927314113,
		0.0,
		-0.55430410100853189,
		1.6389085474490153,
		10.512813911908157,
		1.0
	],
	"intrinsic" : 
	{
		"height" : 1080,
		"intrinsic_matrix" : 
		[
			935.30743608719399,
			0.0,
			0.0,
			0.0,
			935.30743608719399,
			0.0,
			959.5,
			539.5,
			1.0
		],
		"width" : 1920
	},
	"version_major" : 1,
	"version_minor" : 0
}