{
	"class_name" : "PinholeCameraParameters",
	"extrinsic" : 
	[
		1.0,
		-0.0,
		-0.0,
		0.0,
		0.0,
		-1.0,
		-0.0,
		0.0,
		0.0,
		-0.0,
		-1.0,
		0.0,
		-99.5,
		101.5,
		327.01120811484259,
		1.0
	],
	"intrinsic" : 
	{
		"height" : 1646,
		"intrinsic_matrix" : 
		[
			1425.4778146291865,
			0.0,
			0.0,
			0.0,
			1425.4778146291865,
			0.0,
			1393.5,
			822.5,
			1.0
		],
		"width" : 2788
	},
	"version_major" : 1,
	"version_minor" : 0
}