{
	"class_name" : "PinholeCameraParameters",
	"extrinsic" : 
	[
		0.97961230709708125,
		0.10102809158964141,
		-0.17364634316244337,
		0.0,
		-0.03983208921107137,
		-0.74951946414178328,
		-0.66078285203362797,
		0.0,
		-0.1969089445734126,
		0.65422771080287423,
		-0.73021433152507742,
		0.0,
		0.071046545753416679,
		1.3368811417359563,
		4.5840880925677636,
		1.0
	],
	"intrinsic" : 
	{
		"height" : 1080,
		"intrinsic_matrix" : 
		[
			935.30743608719399,
			0.0,
			0.0,
			0.0,
			935.30743608719399,
			0.0,
			959.5,
			539.5,
			1.0
		],
		"width" : 1920
	},
	"version_major" : 1,
	"version_minor" : 0
}