{
	"class_name" : "PinholeCameraParameters",
	"extrinsic" : 
	[
		-0.025834011829283257,
		0.22838487093897394,
		-0.97322811023880351,
		0.0,
		0.47881062517501743,
		0.85744195863157868,
		0.18850377396103038,
		0.0,
		0.8775380271260691,
		-0.46112215117496852,
		-0.13150426853701777,
		0.0,
		2.3468546734386715,
		-1.0176290490872288,
		2.7725651896169987,
		1.0
	],
	"intrinsic" : 
	{
		"height" : 1080,
		"intrinsic_matrix" : 
		[
			935.30743608719399,
			0.0,
			0.0,
			0.0,
			935.30743608719399,
			0.0,
			959.5,
			539.5,
			1.0
		],
		"width" : 1920
	},
	"version_major" : 1,
	"version_minor" : 0
}